keyword,category,priority,status,notes
WACE适合中国学生吗,wace,high,done,已发布 /wace/wace-suitable-for-chinese-students/
WACE申请NTU难吗,wace,high,done,已发布 /wace/wace-apply-ntu-difficulty/
O-Level英文难吗,o-level,high,done,已发布 /o-level/o-level-english-difficulty/
AEIS数学怎么备考,aeis,medium,done,已发布 /aeis/aeis-math-preparation/
新加坡国际学校学费,international-school,medium,done,已发布 /international-school/singapore-international-school-fees/
WACE ATAR怎么算,wace,high,done,已生成草稿 /wace/wace-atar-calculation/
WACE Methods适合中国学生吗,wace,high,done,已发布 /wace/wace-methods-chinese-students/
WACE Specialist难吗,wace,high,done,已发布 /wace/wace-specialist-difficulty/
WACE EALD是什么,wace,medium,done,已发布 /wace/wace-eald-what-is/
WACE申请香港大学可以吗,wace,medium,done,已发布 /wace/wace-apply-hku/
O-Level申请JC需要多少分,o-level,high,done,已发布 /o-level/o-level-jc-score/
O-Level申请Poly怎么选专业,o-level,high,done,已发布 /o-level/o-level-poly-course-choice/
O-Level国际学生怎么报名,o-level,high,done,已发布 /o-level/o-level-international-students-registration/
O-Level学校推荐怎么看,o-level,medium,draft,已生成草稿 /o-level/o-level-school-recommendation/
新加坡AEIS英文怎么准备,aeis,high,done,已发布 /aeis/aeis-english-preparation/
AEIS插班新加坡政府学校难吗,aeis,medium,done,已发布 /aeis/aeis-difficulty/
新加坡国际学校怎么选,international-school,high,draft,已生成草稿 /international-school/how-to-choose/
中国学生升学新加坡路径怎么选,pathway,high,draft,已生成草稿 /pathway/how-to-choose/
新加坡学生准证被拒怎么办,guides,medium,draft,已生成草稿 /guides/what-to-do/
中国学生申请NUS本科难吗,university,high,draft,已生成草稿 /university/nus-difficulty/
WACE课程一年学费多少钱,wace,high,done,已发布 /wace/wace-tuition-fees/
WACE选课怎么选比较稳,wace,high,done,已发布 /wace/wace-subject-selection/
WACE数学Methods和Specialist区别,wace,high,done,已发布 /wace/wace-methods-vs-specialist/
WACE申请澳洲八大需要多少ATAR,wace,high,done,已发布 /wace/wace-apply-australia-go8-atar/
WACE和IB哪个适合中国学生,wace,medium,done,已发布 /wace/wace-vs-ib-chinese-students/
WACE Year 11可以插班吗,wace,medium,done,已发布 /wace/wace-year-11-transfer/
O-Level英文难度对中国学生高吗,o-level,high,done,已发布 /o-level/o-level-english-difficulty-chinese-students/
O-Level重考值得吗,o-level,medium,done,已发布 /o-level/o-level-retake-worth-it/
O-Level科目怎么搭配,o-level,high,done,已发布 /o-level/o-level-subject-combination/
O-Level成绩不好还能读Poly吗,o-level,medium,done,已发布 /o-level/o-level-low-score-poly/
O-Level国际学生可以自学报名吗,o-level,medium,done,已生成草稿 /o-level/o-level-private-candidate-registration/
AEIS数学难度相当于国内几年级,aeis,high,done,已发布 /aeis/aeis-math-difficulty-china-grade/
AEIS英文写作怎么提高,aeis,high,done,已发布 /aeis/aeis-english-writing/
AEIS没有考上怎么办,aeis,high,done,已发布 /aeis/aeis-failed-what-to-do/
S-AEIS和AEIS有什么区别,aeis,medium,done,已发布 /aeis/s-aeis-vs-aeis/
新加坡政府小学怎么申请,aeis,medium,done,已发布 /aeis/government-primary-application/
AEIS备考要提前多久,aeis,high,done,已发布 /aeis/aeis-preparation-timeline/
新加坡国际学校一年多少钱,international-school,high,draft,已生成草稿 /international-school/annual-fees/
新加坡国际学校IB怎么选,international-school,medium,draft,已生成草稿 /international-school/ib-how-to-choose/
新加坡国际学校入学考试考什么,international-school,medium,pending,自动补充
国际学校转政府学校可行吗,international-school,medium,pending,自动补充
中国初中生去新加坡读书怎么选路径,pathway,high,draft,已生成草稿 /pathway/secondary-student-pathway/
国内高一转新加坡还来得及吗,pathway,high,draft,已生成草稿 /pathway/grade-10-transfer/
新加坡留学陪读妈妈可以工作吗,guides,high,draft,已生成草稿 /guides/guardian-work/
新加坡留学一年总费用怎么估算,guides,high,draft,已生成草稿 /guides/total-cost/
新加坡学生住宿怎么选,guides,medium,pending,自动补充
NUS和NTU申请哪个更难,university,high,draft,已生成草稿 /university/nus-vs-ntu-difficulty/
中国学生申请NTU本科需要什么成绩,university,high,draft,已生成草稿 /university/ntu-undergraduate-requirements/
新加坡公立大学接受WACE成绩吗,university,high,draft,已生成草稿 /university/public-university-wace/
新加坡大学本科申请时间线,university,medium,pending,自动补充
|O-Level高级华文值得考吗,o-level,high,done,已发布 /o-level/o-level-higher-chinese-worth-it/
53|O-Level之后读Poly还是JC,o-level,high,done,已发布 /o-level/o-level-poly-or-jc/
54|AEIS考试当天要注意什么,aeis,high,done,已发布 /aeis/aeis-exam-day-guide/
55|WACE中国学生最容易丢分的科目,wace,high,done,已发布 /wace/wace-difficult-subjects-chinese-students/
56|AEIS过了之后怎么选学校,aeis,high,done,已发布 /aeis/aeis-school-selection-after-passing/
57|57|新加坡读WACE哪所学校好,wace,high,done,已发布 /wace/wace-best-schools-singapore/
58|58|AEIS小学和中学考试难度差多少,aeis,high,done,已发布 /aeis/aeis-primary-vs-secondary-difficulty/
59|WACE毕业能申请英国大学吗,wace,high,done,已发布 /wace/wace-apply-uk-university/
60|O-Level私立考生怎么报名,o-level,high,done,已发布 /o-level/o-level-private-candidate-registration/
|61|AEIS数学和英文哪个更难,aeis,high,done,已发布 /aeis/aeis-math-vs-english-difficulty/
62|WACE物理和化学哪个更适合中国学生,wace,high,done,已发布 /wace/wace-physics-vs-chemistry-chinese-students/
63|63|O-Level数学和国内初中数学哪个难,o-level,high,done,已发布 /o-level/o-level-math-vs-china-middle-school/
64|64|AEIS考试费用和报名流程,aeis,high,done,已发布 /aeis/aeis-exam-fees-registration/
65|65|WACE ATAR 85 能上什么大学,wace,high,done,已发布 /wace/wace-atar-85-university-options/
66|O-Level英文多少分算及格,o-level,high,done,已发布 /o-level/o-level-english-passing-score/
67|67|AEIS成绩多久出,aeis,high,done,已发布 /aeis/aeis-results-release-timeline/
68|68|AEIS新加坡考场和海外考场怎么选,aeis,high,done,已发布 /aeis/aeis-exam-center-singapore-vs-overseas/
69|69|WACE 平时成绩和 ATAR 考试各占多少,wace,high,done,已发布 /wace/wace-school-assessment-vs-atar-weighting/
70|O-Level选科对JC升学有什么影响,o-level,high,done,已发布 /o-level/o-level-subject-combination-jc-admission/
71|AEIS考过后可以转学吗,aeis,high,done,已发布 /aeis/aeis-school-transfer-after-passing/
72|WACE申请澳洲大学需要雅思吗,wace,high,done,已发布 /wace/wace-ielts-requirement-australia-university/
73|WACE Year 12 转学来得及吗,wace,high,done,已发布 /wace/wace-year-12-transfer/
74|AEIS 英文阅读理解答题技巧,aeis,high,done,已发布 /aeis/aeis-english-reading-comprehension-tips/
75|AEIS 考试当天带什么——必备物品与禁带清单,aeis,high,done,已发布 /aeis/aeis-exam-day-items-checklist/
76|76|AEIS 通过后如何适应新加坡全英文教学环境,aeis,medium,done,已发布 /aeis/aeis-adapt-after-passing/
77|AEIS 备考自学还是报班——中国学生优劣势对比,aeis,medium,done,已发布 /aeis/aeis-self-study-vs-tuition/
78|AEIS 数学英文词汇——中国学生常见术语陷阱与中英对照,aeis,medium,done,已发布 /aeis/aeis-math-english-vocabulary-chinese-students/
|79|AEIS 申请政府小学和中学流程有什么区别,aeis,medium,done,已发布 /aeis/aeis-primary-vs-secondary-application/
80|O-Level 考完多久出成绩,o-level,high,done,已发布 /o-level/o-level-results-release-timeline/
81|O-Level 成绩可以申请国外高中吗,o-level,medium,done,已发布 /o-level/o-level-apply-overseas-high-school/
82|O-Level 英文作文怎么写能拿高分,o-level,medium,done,已发布 /o-level/o-level-english-composition-high-score/
83|WACE申请加拿大大学条件与流程,wace,high,done,已发布 /wace/wace-apply-canada-university/
84,WACE毕业可以申请新加坡本地奖学金吗,wace,high,done,已发布 /wace/wace-singapore-local-scholarship/
85|O-Level科学实验考试怎么准备,o-level,medium,done,已发布 /o-level/o-level-science-practical-exam-preparation/
WACE 成绩不理想可以 appeal 吗——remark 和 re-marking 流程,wace,medium,done,已发布 /wace/wace-appeal-remark-process/
87|O-Level口试怎么准备,o-level,medium,done,已发布 /o-level/o-level-oral-exam-preparation-chinese-students/
88|AEIS 中学入学后选科指南——Sec1-Sec2的科目组合与未来升学影响,aeis,high,done,已发布 /aeis/aeis-secondary-subject-selection-guide/

89|WACE 考试可以带什么——公式表和计算器使用规则,wace,high,done,已发布 /wace/wace-exam-permitted-items/
91|O-Level Combined Science和Pure Science怎么选,o-level,high,done,已发布 /o-level/o-level-combined-science-vs-pure-science/
93|AEIS科学跟不上怎么办,aeis,high,done,已发布 /aeis/aeis-science-gap-china-students/
93|WACE科目scaling规则——哪些科目天然加分多、如何利用scaling拉高ATAR,wace,high,done,已发布 /wace/wace-subject-scaling-guide/
94|O-Level DSA直接收生计划——中国学生是否适用、申请条件与准备策略,o-level,high,done,已发布 /o-level/o-level-dsa-guide-chinese-students/
95|AEIS 面试环节怎么准备——中国学生常见问题与应答策略,aeis,high,done,已发布 /aeis/aeis-interview-preparation-chinese-students/
96|WACE English/Literature 怎么拿高分——中国学生写作策略与扣分避坑,wace,high,done,已发布 /wace/wace-english-literature-high-score-chinese-students/
97|O-Level POA（会计原理）值得选吗——对商科/Poly会计路线的升学价值分析,o-level,high,done,已发布 /o-level/o-level-poa-worth-it-chinese-students/
98|AEIS 小学英文语法专项——中国学生最易出错的语法点与纠错练习,aeis,high,done,已发布 /aeis/aeis-primary-english-grammar-chinese-students/
100|WACE申请新加坡私立大学SIM/PSB等路径——ATAR要求与专业选择,wace,high,done,已发布 /wace/wace-apply-singapore-private-university/
101|O-Level 成绩复议与申诉流程——appeal and review of results 怎么操作、成功率如何,o-level,high,done,已发布 /o-level/o-level-appeal-review-of-results-guide/
AEIS 考试中心交通住宿指南——新加坡考场周边地铁、酒店与考前一日安排,aeis,medium,draft,待补官方来源与配图；未发布
102|WACE ATAR 预测分和实际差多少——Mock Exam 与最终成绩的真实偏差与应对,wace,high,draft,待补官方来源、事实核验与两张配图；未发布
